"NAME","AGENT_CODE","OFFICE_CODE","PHONE","CITY","STATE","ZIP"
"Elizabeth Perry","788C2X1","195E47","02808336853","North Gloria","AR","56684-1195"
"David Jones","764224I3C5","958WY8","+25(8)8763265625","Charlesmouth","NY","55952"
"Alan Arnold PhD","399131779YH7","6667616Q8","1-005-279-4330x7303","New Gracebury","NC","91657"
"Samuel Kerr","375712867AN8","195E47","736.719.5988x4965","Clarkton","KS","24062-6053"
"Wesley Brown","970018E1P4","143055320VB5","387.114.2477","Olsonside","DE","67495"
"Alan Gray","8821C4","195E47","(699)297-7987","Chadville","TN","91360-8934"
"Diamond Brown","8113441629DB5","143055320VB5","(676)623-0083","Ronaldtown","FL","65677"
"Henry Blankenship","4732GB8","143055320VB5","685-149-0239x1080","Jeremyton","PR","67208"
"Daniel Crawford","6105355M7","958WY8","365.281.4462","Port Michaelmouth","OH","68785-3030"
"Sara Fox","219731476FV5","958WY8","363.044.0489","Ramseyshire","ND","02629-2961"
"Sonya Thomas","60336QA7","143055320VB5","409-274-7234","Lake Douglas","LA","97429-0849"
"Christopher Benson","248Z8","6667616Q8","1-598-693-4024","Davidsonborough","VT","01418-6108"
"Tyler Wright","33303R9O2","6667616Q8","1-767-869-2671x852","Rangeltown","RI","67656-3322"
"Ricky Gonzalez","961465848C7E5","332123667RP3","(711)508-4190x2490","Pecktown","IL","99570"
"Clayton Brown","97H5O9","958WY8","(665)069-1395","South Laurashire","ME","13505"
"Brian Miles","142345E9J2","958WY8","1-571-674-0230x163","Taylorville","MO","87270-3573"
